{
  "dataset": "portland_monthly_250",
  "config": {
    "temporal": "monthly",
    "top_k": 83
  },
  "hyperparameters": {
    "hidden_sizes": [
      128,
      64
    ],
    "dropout_rate": 0.3,
    "learning_rate": 0.001,
    "weight_decay": 0.0001,
    "batch_size": 64,
    "num_epochs": 20,
    "early_stopping_patience": 15
  },
  "training": {
    "train_losses": [
      3.26678960684182,
      2.812952451660792,
      2.7108049264985787,
      2.6425999683544945,
      2.6483445904583007,
      2.62495725090469,
      2.566626106638524,
      2.597638194052074,
      2.5759497133090736,
      2.544414778961042,
      2.57214964005199,
      2.563099242280631,
      2.5188720005952963,
      2.5277380089139423,
      2.5642398905187083,
      2.5596882624195123
    ],
    "val_losses": [
      2.6725993070873217,
      3.5474599480649607,
      2.7275389208804923,
      2.7375760760574517,
      2.961665314308343,
      3.0168150476010607,
      2.8647622478728563,
      3.0412578942427895,
      2.801040338799495,
      2.7352969949911947,
      3.4045443694113255,
      2.8230829421114367,
      2.7579805951562064,
      3.013741192422525,
      2.8172458240406333,
      3.3726894647804873
    ],
    "best_val_loss": 2.6725993070873217,
    "best_epoch": 1,
    "total_epochs": 16
  },
  "test_metrics": {
    "mse": 3.3738104438054104,
    "rmse": 1.836793522365922,
    "mae": 1.0265010387499405
  },
  "model_info": {
    "architecture": "MLP",
    "input_size": 20,
    "hidden_sizes": [
      128,
      64
    ],
    "dropout_rate": 0.3,
    "use_batch_norm": true,
    "total_parameters": 11393,
    "trainable_parameters": 11393
  }
}