{
  "dataset": "sarasota_monthly_500_all",
  "config": {
    "temporal": "monthly",
    "top_k": 20
  },
  "hyperparameters": {
    "hidden_sizes": [
      128,
      64
    ],
    "dropout_rate": 0.3,
    "learning_rate": 0.0001,
    "weight_decay": 0.0001,
    "batch_size": 64,
    "num_epochs": 200,
    "early_stopping_patience": 20
  },
  "training": {
    "train_losses": [
      0.5799354359856291,
      0.5127892512863456,
      0.49185245403528666,
      0.4829995613462709,
      0.4734792294172755,
      0.46258413633313983,
      0.46076984535301885,
      0.4602938130224603,
      0.4565411633673459,
      0.451735826943171,
      0.4504681445144536,
      0.4546919755123975,
      0.44914606017055275,
      0.4437441310970788,
      0.44598982698984496,
      0.44174856923939987,
      0.4397442432274779,
      0.4396507233607475,
      0.4375831035309242,
      0.44374331180418614,
      0.44123444215622526,
      0.43533570598398563,
      0.4345108059380418,
      0.4327976497610033,
      0.4316945656931415,
      0.43203654376805245,
      0.4310447462657107,
      0.4310402332002192,
      0.43270906000613113,
      0.42863259522938263,
      0.4237757774610673,
      0.43041297817893753,
      0.43250254701391794,
      0.420678928499166,
      0.4238952632656511,
      0.42778228886618713,
      0.42632340129457796,
      0.42085569365106756,
      0.4170934683222095,
      0.427254836313582,
      0.4188407775836983,
      0.4157743634918798,
      0.41954443508560035,
      0.4148903725024343,
      0.4149169010180299,
      0.4206798009499012,
      0.41275477475810096,
      0.412685110175406,
      0.41212058765725346,
      0.41406328720732777,
      0.4127879490077986,
      0.41197423922259696,
      0.40985268710215284,
      0.41151623204963106,
      0.4072093639492159,
      0.41091709799126763,
      0.40847768167070314,
      0.40815820015735976,
      0.4090808985176379,
      0.4104904205426998,
      0.4041611883061208,
      0.4119782681275892,
      0.41005612135282205,
      0.40680386587402473,
      0.4076779485620667,
      0.40115943371043183
    ],
    "val_losses": [
      0.29660995037632876,
      0.29140036789059237,
      0.2947025912456488,
      0.2886466242151308,
      0.2882648665073967,
      0.2888428671470848,
      0.29572098052930734,
      0.28838799556512246,
      0.2950156396326933,
      0.2889352006072049,
      0.28580212694145646,
      0.28816473708298074,
      0.2877500119777767,
      0.2878804681113885,
      0.2875768008114989,
      0.2912849033717392,
      0.2881213315909257,
      0.30570168730870745,
      0.28717662514914555,
      0.2863578198127077,
      0.2877392429444766,
      0.28856804317360935,
      0.29017483077674583,
      0.2880337192043917,
      0.2889254963730893,
      0.28578045372607935,
      0.28802693773577087,
      0.2850833023774938,
      0.29026785312800796,
      0.28623407669840334,
      0.29043039452169894,
      0.2845729607510999,
      0.2862615512289566,
      0.28778025249149003,
      0.2855915876685477,
      0.2831777802583662,
      0.28254302900628564,
      0.28771070914982416,
      0.28388778016895555,
      0.28528651058012433,
      0.28416205765676583,
      0.2907534319416137,
      0.2853395601654013,
      0.28251196475556484,
      0.2814342109257684,
      0.2805624356542874,
      0.28361396001453804,
      0.29085526926517113,
      0.2828205801901032,
      0.28502494716653093,
      0.28289042402346115,
      0.29219136422381864,
      0.2870416609009737,
      0.28351960045173163,
      0.28426737814420017,
      0.28679135190039196,
      0.28497243072404366,
      0.28425067344237936,
      0.28294417258602245,
      0.2841150832799175,
      0.28267618534803873,
      0.2827150925744292,
      0.2835176036917878,
      0.28749824740428165,
      0.2878070355807686,
      0.28482663987924933
    ],
    "best_val_loss": 0.2805624356542874,
    "best_epoch": 46,
    "total_epochs": 66
  },
  "test_metrics": {
    "mse": 0.28546027063494434,
    "rmse": 0.534284821640054,
    "mae": 0.2440894010265978
  },
  "model_info": {
    "architecture": "MLP",
    "input_size": 20,
    "hidden_sizes": [
      128,
      64
    ],
    "dropout_rate": 0.3,
    "use_batch_norm": true,
    "total_parameters": 11393,
    "trainable_parameters": 11393
  }
}