{
  "dataset": "sarasota_monthly_500_all",
  "config": {
    "temporal": "monthly",
    "top_k": 20
  },
  "hyperparameters": {
    "hidden_sizes": [
      128,
      64
    ],
    "dropout_rate": 0.3,
    "learning_rate": 0.0001,
    "weight_decay": 0.0001,
    "batch_size": 64,
    "num_epochs": 200,
    "early_stopping_patience": 20
  },
  "training": {
    "train_losses": [
      0.5769488291648806,
      0.5143851408290757,
      0.48996276909380604,
      0.48082474545633996,
      0.4715376961634628,
      0.4685289664270567,
      0.46031881528591373,
      0.4597847567780496,
      0.4565319229226034,
      0.45172595092761675,
      0.4415317537954606,
      0.4443344840759872,
      0.4484181845540641,
      0.443798273165606,
      0.4372188803267999,
      0.43639122637944233,
      0.4426307753670977,
      0.4385838496400389,
      0.43768571976485093,
      0.4390407640635402,
      0.4253882421469251,
      0.4366098626397178,
      0.43719410706855766,
      0.43188786023613923,
      0.4297825362460286,
      0.42515066063419166,
      0.4287046481967726,
      0.4324333093339397,
      0.42712283967408027,
      0.42328220357261903,
      0.423385397005051,
      0.42339597109900784,
      0.4228807056792773,
      0.4189593215519533,
      0.4233287635632213,
      0.42358551993918975,
      0.41791178858653416,
      0.4256987807910552,
      0.4192105924344229,
      0.41291565587066686,
      0.4201149112774103,
      0.4177068626551708,
      0.4189773914106732,
      0.42017932805473635,
      0.4142418308048064,
      0.41273967421258423,
      0.41362393916049084,
      0.4134530534026443,
      0.4075334761044332,
      0.4140925906377077,
      0.4123165973902201,
      0.4115574020541295,
      0.4095191682237074,
      0.4090061991332378,
      0.41154772950398777,
      0.40834623947268345,
      0.40345918089575517,
      0.411137254982904,
      0.402449008011407,
      0.4079381632350578,
      0.41315890360413887,
      0.40014778135095797,
      0.4071507802978865,
      0.4092071899469143,
      0.4015480809474504,
      0.3995828480282439,
      0.4009445086475002,
      0.4003252789594945,
      0.40089611542764003,
      0.3962337520093687,
      0.4023606366396026,
      0.4012959433400239,
      0.4013239324804464,
      0.40159497027162283,
      0.3982143138148301,
      0.4080722393523395,
      0.40186513312853717,
      0.3980352960145225,
      0.40272260671935073,
      0.39345176785166397,
      0.3960834212063951,
      0.4004842297802576,
      0.39857947670163646,
      0.4000988991708412,
      0.4003740530991238,
      0.40161720645872573,
      0.39550679948023043,
      0.3997216232186967,
      0.39292862679830537,
      0.39432478396388115,
      0.3952689509176703
    ],
    "val_losses": [
      0.294216262197049,
      0.2961449137114484,
      0.28966600608398596,
      0.2883826891807098,
      0.28792362058227094,
      0.29046540849422803,
      0.28717558938993687,
      0.28811862212414646,
      0.2875698165526725,
      0.28760444286797165,
      0.2853275587439389,
      0.2854383412530803,
      0.29247515568560667,
      0.28740305006570666,
      0.28870260422647237,
      0.2874507330118682,
      0.28586220860351524,
      0.28441165132414487,
      0.2881016812935374,
      0.2834436413591649,
      0.28527646619933417,
      0.2894934081822571,
      0.28440175696686765,
      0.2841743583905636,
      0.28446929270502375,
      0.28346799469857875,
      0.2829375247045626,
      0.28711324883233963,
      0.28423473451026504,
      0.2864595585534829,
      0.2852904191469445,
      0.28752947585418037,
      0.2827381678669834,
      0.2845155747011663,
      0.28251118877403375,
      0.29675190590393835,
      0.28500840743347444,
      0.28882735686357,
      0.28421581390751666,
      0.29309931412373674,
      0.2830546196551289,
      0.28187464709962434,
      0.28164978152611847,
      0.2800335724222988,
      0.28045179810176896,
      0.2793482646348409,
      0.2798934610683902,
      0.28046211174243846,
      0.28278579294944495,
      0.28060155161334993,
      0.28262302055445254,
      0.28052621904241654,
      0.2822098037087826,
      0.2806325013904522,
      0.2803830982797515,
      0.28648079933705206,
      0.2808917625462613,
      0.28137386662118713,
      0.2830331245693842,
      0.28345471506750686,
      0.282617531025861,
      0.28934947021574303,
      0.2789721998388402,
      0.2799595903955048,
      0.2821320458014139,
      0.2871198710801302,
      0.28175798143765224,
      0.2801756178398399,
      0.28098828758898453,
      0.2840030666322573,
      0.27735812371001295,
      0.29076334262505377,
      0.28048012162841374,
      0.27922319564609255,
      0.2784181603564144,
      0.2816913842834041,
      0.2777074580428316,
      0.2817537074199697,
      0.27918725384315896,
      0.2848730158131449,
      0.2813914990647979,
      0.2805282158049667,
      0.27984319522279544,
      0.27955635436590465,
      0.27807559233230644,
      0.2786399401007313,
      0.28012735485585766,
      0.2868940448643297,
      0.27862947071909405,
      0.27930975312237344,
      0.2789298396757966
    ],
    "best_val_loss": 0.27735812371001295,
    "best_epoch": 71,
    "total_epochs": 91
  },
  "test_metrics": {
    "mse": 0.2795482978607994,
    "rmse": 0.5287232715332278,
    "mae": 0.24216847533543703
  },
  "model_info": {
    "architecture": "MLP",
    "input_size": 20,
    "hidden_sizes": [
      128,
      64
    ],
    "dropout_rate": 0.3,
    "use_batch_norm": true,
    "total_parameters": 11393,
    "trainable_parameters": 11393
  }
}