{
  "dataset": "sarasota_monthly_500_all",
  "config": {
    "temporal": "monthly",
    "top_k": 20
  },
  "hyperparameters": {
    "hidden_sizes": [
      128,
      64
    ],
    "dropout_rate": 0.3,
    "learning_rate": 0.0001,
    "weight_decay": 0.0001,
    "batch_size": 64,
    "num_epochs": 200,
    "early_stopping_patience": 20
  },
  "training": {
    "train_losses": [
      0.5856585337731524,
      0.5193409620820156,
      0.490625046400953,
      0.48582011198296265,
      0.4713806148352199,
      0.46827233780663197,
      0.4616277999728258,
      0.46034712406142764,
      0.45930070676508017,
      0.4571122252662147,
      0.4550996966457382,
      0.45545906772404665,
      0.44803307869911646,
      0.4515549922568145,
      0.4493243465344978,
      0.4481283221146413,
      0.4465067521171205,
      0.4401371709974147,
      0.4433548556597153,
      0.4390554375932384,
      0.4333539311405905,
      0.43813178233995537,
      0.43313498894939084,
      0.4334591957755212,
      0.43050093877916845,
      0.4384002069424859,
      0.42721148238415435,
      0.43195724451017864,
      0.42722139178594404,
      0.42796443702015674,
      0.42971332924019906,
      0.4245340619106635,
      0.4280712332253702,
      0.42351680474472453,
      0.42044647370455085,
      0.42578405498572347,
      0.4217108600878361,
      0.4237478885099829,
      0.4274473313777074,
      0.42809567640781176,
      0.4153575549428784,
      0.4211622741000325,
      0.41894319307372435,
      0.4131977283015876,
      0.4155161886050081,
      0.41328798944176487,
      0.42239353835469634,
      0.4135654932011689,
      0.41528246388697004,
      0.4171554806213979,
      0.4129584432614332,
      0.4188848253996933,
      0.40987924710717255,
      0.4120488352343148,
      0.41497935570545547,
      0.41156741304017935,
      0.4137356126472439,
      0.4145979659324353,
      0.41038915655851965,
      0.40957901481442405,
      0.40584062828737144,
      0.41604458694779217,
      0.4115743915503874,
      0.40367330677906293,
      0.4070163570900532,
      0.4065444224963529,
      0.40417264739804293,
      0.4081846314902399,
      0.4094631288301937,
      0.40178456366684223,
      0.4062996175161349,
      0.40239664448742096,
      0.40144012216655306,
      0.4040492633658071,
      0.40830361300220525,
      0.4022525492195537,
      0.40198377746756436,
      0.402995172046846
    ],
    "val_losses": [
      0.2861060656338411,
      0.28566243519499174,
      0.2848587165736079,
      0.2885102888299048,
      0.2969611027331291,
      0.28796175993175077,
      0.28357517967042306,
      0.2983813740255714,
      0.28405373166352904,
      0.283100438414869,
      0.28523806814250274,
      0.28342390499849207,
      0.2844269321175855,
      0.2845660894923839,
      0.2843818426907146,
      0.2829239396463465,
      0.28302972462458015,
      0.29889698812925714,
      0.2898404482132072,
      0.28420672647855405,
      0.28455533740569405,
      0.28428441723129555,
      0.2845136574133582,
      0.2830806230847893,
      0.29134506796601356,
      0.28318007267963496,
      0.28480213130890875,
      0.2841899850282966,
      0.28493785210514433,
      0.2870110478428823,
      0.2839912094121662,
      0.2833487512552485,
      0.28412472744908446,
      0.2841075953861828,
      0.28185080881757585,
      0.28167393872938906,
      0.28356633420592864,
      0.2822612463696443,
      0.28259349889521584,
      0.28166062342534676,
      0.2806846263593431,
      0.286257793948191,
      0.28452792702606455,
      0.28134622122986425,
      0.28317311596570177,
      0.28144887465704466,
      0.28139338274868625,
      0.28198794211204214,
      0.289937814103963,
      0.2805124134080431,
      0.28145857035056154,
      0.28045298189399137,
      0.2790241734426184,
      0.2883400572617353,
      0.27926788074763687,
      0.2804016050710621,
      0.2789451566458777,
      0.2788258370765559,
      0.27930440528454975,
      0.28031449947162734,
      0.2800446336617489,
      0.28167112751931084,
      0.28189549685296006,
      0.27900758071916076,
      0.28096935552352603,
      0.2794600500700884,
      0.28206141020080994,
      0.279459898239604,
      0.28311393289845344,
      0.28175758398995177,
      0.27994763537655254,
      0.2810528930757352,
      0.28914018853281426,
      0.27956033884854614,
      0.28017314693187384,
      0.27918633277787464,
      0.28255697779023825,
      0.2824742666773489
    ],
    "best_val_loss": 0.2788258370765559,
    "best_epoch": 58,
    "total_epochs": 78
  },
  "test_metrics": {
    "mse": 0.28310107965415615,
    "rmse": 0.5320724383522945,
    "mae": 0.24051129856420064
  },
  "model_info": {
    "architecture": "MLP",
    "input_size": 20,
    "hidden_sizes": [
      128,
      64
    ],
    "dropout_rate": 0.3,
    "use_batch_norm": true,
    "total_parameters": 11393,
    "trainable_parameters": 11393
  }
}